Mã vạch,Tên sản phẩm,Ảnh,Danh mục,Tags,Giá bán,Số lượng,Tồn kho,Ghi chú,Cập nhật lúc
8936063785313,bánh nhãn,,Chế biến sẵn,chebiensan,380,0,,,
893855638812489385563881318938556388100,quẩy tai heo,,Rau củ  quả,raucuqua,350,0,,,
8934804030692,nescafe sữa đá,,bún  mì phở,mi,650,0,,,
8936213250081,Pía vị xưa 150g,,gia vị,giavi,150,0,,,
8936213250210,Pía vị xưa 400g,,trà  cafe,cafe,720,0,,,
8936213250227,Pía vị xưa 300g,,nước ngọt,nuocngot,680,0,,,
SP000523,quay cay,,bia rượu,biaruoi,300,0,,,
8938506507087,Măng khô luộc,,GV indo,indo,350,0,,,
8996001313657,Apetitos pizza,,Gv mianma,mianma,50,0,,,
8996001313671,Apetito cream,,Thịt các loại,thit,50,0,,,
8934930000026,Rồng Vàng Minh Ngọc,,Hải sản,haisan,100,0,,,
8936014316818,Pía kim sa mè đen,,Bánh kẹo,banhkeo,950,0,,,
8936014316399,Pía Kim sao,,,,1.05,0,,,
8936014311936,Pía Môn-Sầu,https://raw.githubusercontent.com/tngon462/QR/main/kiemkho-images/8936014311936.jpg,Bánh kẹo,banhkeo,790,0,,,2025-11-10 16:07:33
Bánh nướng,Bánh nướng,,,,570,0,,,
89931755358788993175535885,NABATI,,,,150,0,,,
6971819340042,BANH TRUNG THU TO,,,,950,0,,,
8936223460456,nui bo,,,,250,0,,,
8934680092890,kinh đô thập cẩm,,,,650,0,,,
8934680092906,kinh do đậu xanh,,,,570,0,,,
8934680090773,kinh đô trà xanh,,,,570,0,,,
8934680090803,kinh đô khoai môn,,,,570,0,,,
6971062710050,chan ga cay,,,,150,0,,,
8934767010069,mè xừng thiên hương,,,,490,0,,,
8938551654064,snack bò kobe,,,,90,0,,,
8938551654033,nem nuong phên,,,,90,0,,,
SP000455,snack bo kobe,,,,90,0,,,
8935342400299,dây Bento 12+1,,,,550,0,,,
SP000444,hang dai mini,,,,700,0,,,
8936114080312,Cool air,,,,500,0,,,
8934609602407,Bánh HURA deli,,,,800,0,,,
89352652110408935265210029,Bánh trứng belgi,https://raw.githubusercontent.com/tngon462/QR/main/kiemkho-images/89352652110408935265210029.jpg,Bánh kẹo,banhkeo,480,0,,,2025-11-10 16:06:26
8934680033107,cosy lá dứa,,,,250,0,,,
8938556388278,Ngô xóc mắm,https://cdn-images.kiotviet.vn/tngonfnb/2ad18bba83d64f739d99bb7bddecb647,Bánh kẹo,banhkeo,350,0,,,2025-11-10 13:48:54
8938507658009,BÁNH DẺO CỐM ĐẬU XANH,https://cdn-download.kiotviet.vn/kiotvietimages/ehimetngon/ff321ef129cd40e5a8d09816506537a7.png,,,450,0,,,
SP000613,tỏi 250 6 củ,,,,250,0,,,
8936079390587,banh trang nuong,,,,390,0,,,
8934564100314,Keo Big bang nhỏ,,,,150,0,,,
8936018260308,CHAO BONG MAI,,,,450,0,,,
8938556388650,xoai say muoi ot,,,,480,0,,,
8938502791077,Banh Sua,,,,380,0,,,
8936125672810,ngô nêp cay,,,,350,0,,,
8938539272068,trà sữa dua non,,,,700,0,,,
8938539272006,trà sữa đen,,,,700,0,,,
SP000587,cơm cháy đáy nồi,https://raw.githubusercontent.com/tngon462/QR/main/kiemkho-images/SP000587.jpg,Bánh kẹo,banhkeo,800,0,,,2025-11-10 13:30:58
89350017123368935001718130,Alpenliebe,,,,100,0,,,
8938549140722,chân gà tê cay,,,,150,0,,,
4580545930230,hạt sen,,,,250,0,,,
8938556388223,Nui bò lá chanh,,,,300,0,,,
8934803044287,bim oishi Cua,,,,150,0,,,
8935057100019,Kẹo Bắp,https://raw.githubusercontent.com/tngon462/QR/main/kiemkho-images/8935057100019.jpg,Bánh kẹo,banhkeo,650,0,,,2025-11-10 16:06:07
89347602131228934760213016,tipo nhỏ,https://raw.githubusercontent.com/tngon462/QR/main/kiemkho-images/89347602131228934760213016.jpg,Bánh kẹo,banhkeo,250,0,,,2025-11-10 16:03:42
8938509960681,kẹo phủ dừa,https://cdn1-fnb-userdata.kiotviet.vn/2024/12/tngonfnb/images/63072d50f30348c2ad7ba84db5397f5e,,,650,0,,,
SP000544,Bánh Phủ Dừa,,,,580,0,,,
8936036029376,bon ! sandwich,https://raw.githubusercontent.com/tngon462/QR/main/kiemkho-images/8936036029376.jpg,,,450,0,,,
89385121459218938512145907,Cơm cháy nhỏ,,,,250,0,,,
893609958081489360995808078936099580883,lương khô ( túi ),,,,750,0,,,
8938556388407,Ô mai me gừng,,,,450,0,,,
8934760212286,Tipo Sầu Riêng,https://raw.githubusercontent.com/tngon462/QR/main/kiemkho-images/8934760212286.jpg,Bánh kẹo,banhkeo,450,0,,,2025-11-10 16:04:06
8934866900278,Kẹo dừa sầu riêng,,,,400,0,,,
89385052171098938505217109,Kẹo dừa lá dứa,,,,480,0,,,
8930989996853,Khô bò,https://cdn-images.kiotviet.vn/tngonfnb/cfddf206dcfa4734960496424dcaee22,,,900,0,,,
89350039000078938506440032,bot rau cau agar,,,,150,0,,,
8936004021357,bột rau cau con ca deo,,,,100,0,,,
8850370721119,trà thái đỏ,,,,750,0,,,
8934803043730,pinatsu xanh,https://raw.githubusercontent.com/tngon462/QR/main/kiemkho-images/8934803043730.jpg,Bánh kẹo,banhkeo,350,0,,,2025-11-10 13:49:22
8936036026153,Bon's soi thit ga,,,,350,0,,,
8938510895026,Kẹo dâu tằm,,,,320,0,,,
8936222660178,Ngô giòn cay,,,,350,0,,,
8938510895064,Kẹo me cay,https://raw.githubusercontent.com/tngon462/QR/main/kiemkho-images/8938510895064.jpg,Bánh kẹo,banhkeo,380,0,,,2025-11-10 13:33:34
8938504693027,Bỏng tròn,https://cdn-images.kiotviet.vn/tngonfnb/3e62f1c9bb654dfea3edaa5eb49616ba,,,450,0,,,
8934680025966 8934680025959,Bánh AFC,https://raw.githubusercontent.com/tngon462/QR/main/kiemkho-images/8934680025966%208934680025959.jpg,Bánh kẹo,banhkeo,230,0,,,2025-11-10 13:45:41
8938507891604,hằng đại que,,,,90,0,,,
8938543687117,thịt nướng tảng,,,,0,0,,,
8938543687100,cá hồi nướng,,,,90,0,,,
8936125671769,Bánh dừa nướng,https://cdn-images.kiotviet.vn/tngonfnb/a4e6cf5bca5a49d58105ce616f8895d0,,,450,0,,,
89346800428888934680042895,Solite lá dứa,https://cdn-images.kiotviet.vn/tngonfnb/266a8a47b1d94607bb3bbec793f51973,,,690,0,,,
8935063604938,Cóc chua ngọt,https://cdn-images.kiotviet.vn/tngonfnb/963a831eff6849e6ac349b5d40c522c5,,,1.1,0,,,
8938546638000,Cơm cháy tiến vua,https://cdn-images.kiotviet.vn/tngonfnb/b842e67ac726444d85eebd180cb508e7,Bánh kẹo,banhkeo,600,0,,,2025-11-10 13:30:24
8938507891048,Hằng đại,,,,550,0,,,
8934564130014,Dynamite 125g,https://raw.githubusercontent.com/tngon462/QR/main/kiemkho-images/8934564130014.jpg,Bánh kẹo,banhkeo,250,0,,,2025-11-10 13:44:59
89385120960328938546221028,Bánh Pò hộp,,,,600,0,,,
Btt,Xike bò gà,https://raw.githubusercontent.com/tngon462/QR/main/kiemkho-images/Btt.jpg,,,350,0,,,
Banhtrangtron,Bánh tráng trộn bò sate,https://raw.githubusercontent.com/tngon462/QR/main/kiemkho-images/Banhtrangtron.jpg,,,350,0,,,
89397105992266924187844827,huong dương đỏ,https://raw.githubusercontent.com/tngon462/QR/main/kiemkho-images/89397105992266924187844827.jpg,,,350,0,,,
8938544489062,Bánh dừa nướng,https://raw.githubusercontent.com/tngon462/QR/main/kiemkho-images/8938544489062.jpg,Bánh kẹo,banhkeo,380,0,,,2025-11-10 16:07:06
89385421587868934760212286,Bánh tráng trộn,https://raw.githubusercontent.com/tngon462/QR/main/kiemkho-images/89385421587868934760212286.jpg,,,350,0,,,
8938510895028,Kẹo dâu tằm,https://raw.githubusercontent.com/tngon462/QR/main/kiemkho-images/8938510895028.jpg,,,320,0,,,
8936036027464,bon ! sốt kem,https://raw.githubusercontent.com/tngon462/QR/main/kiemkho-images/8936036027464.jpg,,,350,0,,,
8934683008737,name,https://raw.githubusercontent.com/tngon462/QR/main/kiemkho-images/8934683008737.jpg,Bánh kẹo,banhkeo,0,0,,,2025-11-10 16:02:32
8934680115629,AFC THẢO MỘC,https://raw.githubusercontent.com/tngon462/QR/main/kiemkho-images/8934680115629.jpg,Bánh kẹo,banhkeo,350,0,,,2025-11-10 13:46:01
8858223006444,KEM XỐP XOÀI,https://raw.githubusercontent.com/tngon462/QR/main/kiemkho-images/8858223006444.jpg,Bánh kẹo,banhkeo,250,0,,,2025-11-10 13:38:36
8858223006451,KEM XỐP SẦU,https://raw.githubusercontent.com/tngon462/QR/main/kiemkho-images/8858223006451.jpg,,,250,0,,,
8858223025612,KEM XỐP DỪA,https://raw.githubusercontent.com/tngon462/QR/main/kiemkho-images/8858223025612.jpg,Bánh kẹo,banhkeo,250,0,,,2025-11-10 13:37:19
8836000111406,fried fish,,,,850,0,,,
8858223017006,kem xop dau tay,https://raw.githubusercontent.com/tngon462/QR/main/kiemkho-images/8858223017006.jpg,Bánh kẹo,banhkeo,250,0,,,2025-11-10 13:36:49
8858223006468,kem xop mang cut,https://raw.githubusercontent.com/tngon462/QR/main/kiemkho-images/8858223006468.jpg,Bánh kẹo,banhkeo,250,0,,,2025-11-10 13:37:45
8938539983018,Banh Dau Xanh ,,,,600,0,,,
8939710599240,Heo khô cháy tỏi,,,,900,0,,,
89385516546138938551654712,chân gà cay BT,https://raw.githubusercontent.com/tngon462/QR/main/kiemkho-images/89385516546138938551654712.jpg,Bánh kẹo,banhkeo,150,0,,,2025-11-10 13:53:21
8938524395727,Hạt bí,,,,150,0,,,
6971153692821,kẹo táo sữa lạc đà,,,,950,0,,,
8936036024135,Gouté,https://raw.githubusercontent.com/tngon462/QR/main/kiemkho-images/8936036024135.jpg,Bánh kẹo,banhkeo,700,0,,,2025-11-10 13:36:27
8930201376692,Bánh đa mè đen ăn liền,,,,350,0,,,
8934743042909,Mít sấy túi 100g,https://raw.githubusercontent.com/tngon462/QR/main/kiemkho-images/8934743042909.jpg,Bánh kẹo,banhkeo,350,0,,,2025-11-10 13:28:50
8936149340085,FISH SKIN ORIGINAL,,,,480,0,,,
8936149340115,FISH SKIN HOT,,,,480,0,,,
8935311140454,Bánh đa cua vifon,,,,100,0,,,
8934597050181,Lương khô,,,,150,0,,,
893500171567289350017156728935001714316,ALPENLIEBE,,,,100,0,,,
8934680033633,cosy xoài xí muội,https://raw.githubusercontent.com/tngon462/QR/main/kiemkho-images/8934680033633.jpg,Bánh kẹo,banhkeo,250,0,,,2025-11-10 13:44:31
8934680033084,cosy vị dâu,https://raw.githubusercontent.com/tngon462/QR/main/kiemkho-images/8934680033084.jpg,,,250,0,,,
8993175542098,Nabati,,,,450,0,,,
8934564100529,dynamite hương dâu,,,,590,0,,,
893500170418889350017140578935001703181,Alpenliebe,,,,100,0,,,
8939710599226,Khô gà,https://raw.githubusercontent.com/tngon462/QR/main/kiemkho-images/8939710599226.jpg,Bánh kẹo,banhkeo,850,0,,,2025-11-10 13:31:24
8938551654309,snack sashimi,,,,90,0,,,
8938552068327,xoai sấy muối ớt,,,,450,0,,,
SP000452,da heo tỏi ớt,,,,550,0,,,
8936036020380,choocpai,,,,800,0,,,
SP000441,Chocopai,,,,800,0,,,
8938546221035,bánh pò miếng,,,,550,0,,,
8938546221011,bánh pò xiên,,,,700,0,,,
8934564100352,Dynamite bạc hà socola,https://raw.githubusercontent.com/tngon462/QR/main/kiemkho-images/8934564100352.jpg,Bánh kẹo,banhkeo,250,0,,,2025-11-10 13:44:15
8938551654415,Cá Cơm Cay,,,,20,0,,,
8934803024586,Kẹo oishi Me,https://raw.githubusercontent.com/tngon462/QR/main/kiemkho-images/8934803024586.jpg,Bánh kẹo,banhkeo,250,0,,,2025-11-10 13:45:13
8934803024623,Kẹo oishi Vải,,,,150,0,,,
8934564100833,Dynamite ổi,https://cdn-images.kiotviet.vn/tngonfnb/b3af792785d04ae19274fe3d339d8901,,,280,0,,,
8934564100826,Dynamite xoài,https://cdn-images.kiotviet.vn/tngonfnb/f2f0e2dddd3e45c6b260ccb8b2217439,,,260,0,,,
8934564100369,Dinamite,https://cdn-images.kiotviet.vn/tngonfnb/5d355273b3af4887bace78624c29f0fb,,,650,0,,,
SP000272,Bánh mì set 2 cái,,,,300,0,,,
SP000271,Bánh mì set 3 cái,,,,490,0,,,
8938544489093,Bánh Dừa Nướng,https://cdn-images.kiotviet.vn/tngonfnb/b7c5ccd4312d4a3c86ebf42e8b95bee9,,,380,0,,,
8934743032900,Mít sấy,https://cdn-images.kiotviet.vn/tngonfnb/b01bbf6eefe744eaab2adfa1707e1a1b,,,490,0,,,
8938507891666,Hằng đại gân bò,https://cdn-images.kiotviet.vn/tngonfnb/a95b64328b2044c5b8de1ca2e8757c7a,Bánh kẹo,banhkeo,300,0,,,2025-11-10 13:34:01
8936014310021,Bánh pía Đậu-Sầu,,,,790,0,,,
8936014316658,Bánh pía Chay,,,,740,0,,,
8934803024685,Oishi huong oi,https://raw.githubusercontent.com/tngon462/QR/main/kiemkho-images/8934803024685.jpg,Bánh kẹo,banhkeo,250,0,,,2025-11-10 14:04:15
8934680033114,cosy soocla,,,,250,0,,,
SP000159,tinh dau bưởi,,,,450,0,,,
893620970042289385006390128938500639036,sương sáo,,,,250,0,,,
8934680025959,Bánh AFC,https://raw.githubusercontent.com/tngon462/QR/main/kiemkho-images/8934680025959.jpg,,,230,0,,,
8850157401289,Bento spicy larb,https://raw.githubusercontent.com/tngon462/QR/main/kiemkho-images/8850157401289.jpg,Bánh kẹo,banhkeo,50,0,,,2025-11-10 13:39:50
8850157400206,Bento Namprik Thai,https://raw.githubusercontent.com/tngon462/QR/main/kiemkho-images/8850157400206.jpg,Bánh kẹo,banhkeo,50,0,,,2025-11-10 13:38:58
8850157400077,Bento sweet spicy,https://raw.githubusercontent.com/tngon462/QR/main/kiemkho-images/8850157400077.jpg,Bánh kẹo,banhkeo,50,0,,,2025-11-10 13:40:06
69241878448278938546638000,Cơm cháy tiến vua,https://raw.githubusercontent.com/tngon462/QR/main/kiemkho-images/69241878448278938546638000.jpg,,,600,0,,,
8938531959028,kẹo dâu tằm,https://raw.githubusercontent.com/tngon462/QR/main/kiemkho-images/8938531959028.jpg,Bánh kẹo,banhkeo,350,0,,,2025-11-10 13:33:45
8935265211101,belgi trứng,https://raw.githubusercontent.com/tngon462/QR/main/kiemkho-images/8935265211101.jpg,Bánh kẹo,banhkeo,580,0,,,2025-11-10 16:06:46
SP000651,bánh trung thu nhỏ,,,,300,0,,,
SP000646,Bánh trung thu kinh đô,,,,650,0,,,
6971819340202,Bánh Nướng,,,,800,0,,,
8936223460708,Nui chiên mắm cay,https://raw.githubusercontent.com/tngon462/QR/main/kiemkho-images/8936223460708.jpg,,,350,0,,,
8936223460715,Nui chiên bơ cay,https://raw.githubusercontent.com/tngon462/QR/main/kiemkho-images/8936223460715.jpg,Bánh kẹo,banhkeo,350,0,,,2025-11-10 13:31:10
8938551654927,tăm cay BT,https://raw.githubusercontent.com/tngon462/QR/main/kiemkho-images/8938551654927.jpg,Bánh kẹo,banhkeo,100,0,,,2025-11-10 13:52:34
SP000629,Hat dua rang cui,,,,100,0,,,
SP000608,Hura to,,,,800,0,,,
8993175537285,Nabati to,,,,290,0,,,
8934609602339,HURA,,,,600,0,,,
8936013740331,banh xeo hương xưa,,,,380,0,,,
SP000414,Bò xiên vừng,,,,650,0,,,
8934803043884,bim oishi,,,,150,0,,,
810019601866,Mochi sầu riêng,,,,1.95,0,,,
SP000398,bánh nướng,,,,200,0,,,
8857121197025,Me ngọt,,,,600,0,,,
89346830087208935049002659,ngũ cốc dinh dưỡng,,,,700,0,,,
8934368550209,Phơi sương sốt tắc,https://cdn-images.kiotviet.vn/tngonfnb/61e6b4cc7f3f40408e6c4e605503adbb,,,750,0,,,
8934368550100,Phơi sương sốt bơ,https://cdn-images.kiotviet.vn/tngonfnb/edaf2d41281c43cc90032c83b6561e7b,,,750,0,,,
8934368550193,Phơi sương sốt ớt rim,https://cdn-images.kiotviet.vn/tngonfnb/243078bbafb44b4d8003ddd645f5d4d6,,,750,0,,,
8934368550094,Dẻo phơi sương sốt me,https://cdn-images.kiotviet.vn/tngonfnb/5d8fb9f69bac4cf89e71cfd72005254a,,,750,0,,,
SP000328,Hằng Đại mini,,,,700,0,,,
SP000325,bánh tráng trộn,https://raw.githubusercontent.com/tngon462/QR/main/kiemkho-images/SP000325.jpg,Bánh kẹo,banhkeo,350,0,,,2025-11-10 13:32:52
8934368245259,sate sốt me,,,,350,0,,,
8934368245013,dẻo tôm,,,,350,0,,,
6924187848276,hướng dương xanh lá,https://cdn-images.kiotviet.vn/tngonfnb/34598edbcacd4bb98f8c6cbdebd2c29a,Bánh kẹo,banhkeo,350,0,,,2025-11-10 13:29:43
6924187844827,huong dương đỏ,https://cdn-images.kiotviet.vn/tngonfnb/216597c5c8754ab1852819a755a8493e,Bánh kẹo,banhkeo,350,0,,,2025-11-10 13:29:16
6924187846180,hướng dương xanh,https://raw.githubusercontent.com/tngon462/QR/main/kiemkho-images/6924187846180.jpg,Bánh kẹo,banhkeo,350,0,,,2025-11-10 13:30:12
8938505676203,Kẹo Lạc,https://cdn-images.kiotviet.vn/tngonfnb/2c55c8d4268944c981c36b4c6ee8d19e,,,390,0,,,
88501574000778935342400282,Bento 1 gói,https://cdn-download.kiotviet.vn/kiotvietimages/tngonehime/acd62a8c58ed4ac7988ccee7ec80fc98.jpeg,,,50,0,,,
8936104991253,mứt dừa sấy,https://cdn1-fnb-userdata.kiotviet.vn/2024/04/tngonfnb/images/9af298aa76694edc98276837a60e0574,,,450,0,,,
89360360274648936036026153,bon ! sốt kem,https://cdn-images.kiotviet.vn/ehimetngon/2e7ca518b3b0479d916dd75f39f6a64d.jpg,,,350,0,,,
8938501805836,Xoài đóng hộp,https://cdn-download.kiotviet.vn/kiotvietimages/tngonehime/b898f0e59e0549d28319ac0a10d0c4f5.jpeg,,,100,0,,,
8934760211920,BÁNH KEM TRỨNG TIPO 220G,https://cdn-download.kiotviet.vn/kiotvietimages/tngonehime/d48465f4997443d7af0099f8deef5781.jpeg,,,450,0,,,
88582230084798858223003399,Bim Bim Mix,https://cdn-download.kiotviet.vn/kiotvietimages/tngonehime/58d99b6167da4a019a25a75691ad6ca0.jpeg,,,150,0,,,
18936017366800,omachi,https://cdn1-fnb-userdata.kiotviet.vn/2024/06/tngonfnb/images/7a6517c9e54b454b802ed80bf3c6bdac,,,3,0,,,
8858265000080,me chua 400gr,https://cdn1-fnb-userdata.kiotviet.vn/2024/06/tngonfnb/images/33897b8452e047d9869f6047d167726b,,,550,0,,,
4580244830039,tempeh đậu nành,,,,460,0,,,
SP000586,Gạo,,,,3.9,0,,,
8934588362118,mirinda lon,,,,180,0,,,
8934588360114,mirinda xanh 1 lốc,,,,1.08,0,,,
8855790000028,trâu húc xanh,,,,250,0,,,
8855790002473,trâu huc xanh 1 lốc,,,,1.5,0,,,
9700001300055,mohiga paste 1450yen,,,,1.45,0,,,
111111114278,TIEU HOI,,,,190,0,,,
8938513655795,BOT GA RANG MUOI,,,,180,0,,,
8850030110918,LOBO BỘT NEM CHUA,,,,350,0,,,
SP000577,hạt thì là,,,,130,0,,,
1111111114322,đinh hương,,,,250,0,,,
8989545265827,hạt điều màu,,,,190,0,,,
1111111114339,thảo quả,,,,250,0,,,
SP000573,tiểu hồi,,,,190,0,,,
SP000562,Trung Vit Lon,,,,2,0,,,
8938556388049,nui hat sen,,,,350,0,,,
8938519980242,Mang Chua,,,,320,0,,,
8938505644844,Bánh tráng siêu mỏng,https://cdn-images.kiotviet.vn/tngonfnb/39f6c6131f894f6b961dcb3ba98b6be0,,,320,0,,,
8936076453346,Bánh tráng tẩm ớt,https://cdn-images.kiotviet.vn/tngonfnb/a274dc6d234f4998ac21322fb712328e,,,250,0,,,
8938505644035,Cha Gio (nem ran),,,,320,0,,,
8850649000044,Vải ngâm siro,https://cdn-images.kiotviet.vn/tngonfnb/ad81f8f13cd44b8790853acf74b4877c,,,480,0,,,
8850649000082,Nhãn hộp,https://cdn-images.kiotviet.vn/tngonfnb/e0640716a4144d42a3ba7fe991ae4470,,,450,0,,,
8850539180252,Sate vị húng quế,https://cdn-images.kiotviet.vn/tngonfnb/acd6bd719979482a82562cc12a5c67e4,,,350,0,,,
8858265000752,Nước trộn gỏi đu đủ thái lan,https://cdn-images.kiotviet.vn/tngonfnb/757b9e2dbfa54062ba982df97638476d,,,480,0,,,
8850088200968,Cá thu nhỏ sốt cà chua,https://cdn-images.kiotviet.vn/tngonfnb/bbe2113e34f84b40a5fb30ca33a6a0e1,,,250,0,,,
893601736677389360173668038936017366834,Omachi (bịch),https://raw.githubusercontent.com/tngon462/QR/main/kiemkho-images/893601736677389360173668038936017366834.jpg,Bánh kẹo,banhkeo,600,0,,,2025-11-10 14:37:22
8936068850030,Măng lá tươi,,,,350,0,,,
8938505644240,Bánh ướt,https://cdn-images.kiotviet.vn/tngonfnb/84150ad7288340a68cc7472014093135,,,390,0,,,
8938505644301,Bánh hỏi tươi,https://cdn-images.kiotviet.vn/tngonfnb/cc67d6aef1d74715a41bf953a384534e,,,390,0,,,
89361930703658936193070464,Numberone,https://cdn-images.kiotviet.vn/tngonfnb/6a5ea1e6d5c3498b81bf80e70f0de6bc,,,250,0,,,
8936136166766,Chinsu hoa quả,https://cdn-images.kiotviet.vn/tngonfnb/599b38bb2b184518ac9e26d3a4931277,,,200,0,,,
8936136166773,Chinsu mù tạt(wasabi),https://cdn-images.kiotviet.vn/tngonfnb/0f7ad6eded21469eae2b7332a032dc5d,,,200,0,,,
4582720900113,Măng ớt mắc mật,https://cdn-images.kiotviet.vn/tngonfnb/fd9f429c57a64557aa7b98387ee34ffd,,,650,0,,,
8936136163734,Nước tương tỏi ớt chinsu,https://cdn-images.kiotviet.vn/tngonfnb/5dd8fa749e4648e0b3a99341319e8183,,,490,0,,,
089686440133,Gia vị care indo,https://cdn-images.kiotviet.vn/tngonfnb/e7242ae45b224cff9cbd0d84b6d110ea,,,190,0,,,
089686440188,Gia vị indo rang cơm,https://cdn-images.kiotviet.vn/tngonfnb/2ac29c87f77d4679a794545ca1993095,,,190,0,,,
8935311140003,Phở bò vifon,https://cdn-images.kiotviet.vn/tngonfnb/eb6f39c4727648ca945ed5ba6b344e44,,,110,0,,,
89346140300660,sữa fami 1l,https://cdn1-fnb-userdata.kiotviet.vn/2024/09/tngonfnb/images/77b3e27ef318408582e48533e5cbd174,,,400,0,,,
8836000046357,mắm cá myanmar,https://cdn1-fnb-userdata.kiotviet.vn/2024/09/tngonfnb/images/51d8262a6f6f450fb6a0196e66c6a58b,,,380,0,,,
8836000109182,trà trộn 2,https://cdn1-fnb-userdata.kiotviet.vn/2024/08/tngonfnb/images/a32cf3bc252c4fc595cc7d59e3e99bba,,,690,0,,,
8836000109175,trà trộn 1,https://cdn1-fnb-userdata.kiotviet.vn/2024/08/tngonfnb/images/0a97510afe124331838310eb93da13dc,,,690,0,,,
14959090830499,cung đình ngũ quả,https://cdn1-fnb-userdata.kiotviet.vn/2024/06/tngonfnb/images/87c1fd25fc264f6597e01ef79134244f,,,2.8,0,,,
18936017368620,kokomi thùng,https://cdn1-fnb-userdata.kiotviet.vn/2024/06/tngonfnb/images/5b9d9c8cb2db4da5802538760c772139,,,2.5,0,,,
18936017366770,omachi,https://cdn1-fnb-userdata.kiotviet.vn/2024/06/tngonfnb/images/db6162deb657406eb6ef10d84fbbbe68,,,3,0,,,
089686170733089686171679,Mì xào indo,https://cdn-images.kiotviet.vn/tngonfnb/86f80dcb000f4b5ea82454b28bdf1561,,,120,0,,,
8935311140195,Bún riêu cua vifon,https://cdn-images.kiotviet.vn/tngonfnb/39769f9273324243a8495b20402dce62,,,100,0,,,
8935311140713,Bún bò huế ăn liền,https://cdn-images.kiotviet.vn/tngonfnb/33a0e0f7adf94282ae5f582adb9f7e7a,,,120,0,,,
8852046011227,Sốt chấm xoài thái,https://cdn-images.kiotviet.vn/tngonfnb/ec3761bfb32742beb1bb725cb4b7beee,,,480,0,,,
8934637514772,Tương đen,,,,250,0,,,
SP000172,Trân châu Trường Lạc,,,,1.5,0,,,
893265489717588582650001654589819460503,Đường thốt nốt,https://cdn-images.kiotviet.vn/tngonfnb/375eedacc78248d18149e8d1cc2e1dca,,,500,0,,,
885012236415188501223846098850122394158,Bột báng,https://cdn-images.kiotviet.vn/tngonfnb/998774388e594acba4a6085a0a69b35b,,,320,0,,,
89347070110268934707031123,Gia vị kho tàu,https://cdn-images.kiotviet.vn/tngonfnb/46cbffadc05f44eaba27994b1129e15d,,,130,0,,,
8936181870991,Bánh tráng Tân Nhiên,,,,320,0,,,
9700001300048,green chillies fish paste,,,,1.45,0,,,
8934563122164,mì lẩu thái,,,,130,0,,,
8992770034175,masako,,,,430,0,,,
8992770034182,masako,,,,430,0,,,
8999999192198,baru royco,,,,430,0,,,
8999999192150,baru royco,,,,430,0,,,
6971062710043,chan ga cay co xuong,,,,150,0,,,
8834000066924,hmwe tim,,,,350,0,,,
11000038000091100003790003,kazoku food,,,,470,0,,,
8938504306606,bap khobo la chanh,,,,350,0,,,
8834000075445,best me,https://cdn1-fnb-userdata.kiotviet.vn/2025/02/tngonfnb/images/39485d69430f4a09ac776f4349d7d6ae,,,490,0,,,
8834000161087,reaady chickpea curry,https://cdn1-fnb-userdata.kiotviet.vn/2025/02/tngonfnb/images/4b61ad4f868d452ea99bf787b64743df,,,410,0,,,
8934804004044,Dầu hào Magi,,,,490,0,,,
SP000396,thit heo gac bep,,,,950,0,,,
8934803043075,bim bim ngô,,,,150,0,,,
8852114531619,Bột kem dừa (chao thai),https://cdn-images.kiotviet.vn/tngonfnb/e89ecb9ef21c437f829728278edefab9,,,180,0,,,
044738018340,Sữa dừa thái,https://cdn-images.kiotviet.vn/tngonfnb/75314086fefe42dabb5374ab6191a218,,,300,0,,,
SP000365,Thùng 3 miền,https://cdn-images.kiotviet.vn/tngonfnb/e3cc7c661b60447d90d4220051221e45,,,2,0,,,
8934564600357,Trà chanh c2,https://cdn-images.kiotviet.vn/tngonfnb/f0affa5a0eb34c3fa02510d05525cd67,,,180,0,,,
89361119910318938556388261,Váng đậu,,,,380,0,,,
SP000489,bot san day,,,,1.1,0,,,
8934734322034,Bột bánh tiêu,https://cdn-download.kiotviet.vn/kiotvietimages/tngonehime/3e4bc849675a41e383a23b589d26d677.jpeg,,,390,0,,,
8934734202039,Bột bánh bao,https://cdn-download.kiotviet.vn/kiotvietimages/tngonehime/1e4377686ec245dfa01e51cdc155ea0f.jpeg,,,380,0,,,
8934734032032,BỘT NẾP 400G,https://cdn-images.kiotviet.vn/tngonfnb/dd1dc01c36ad457bb5e593deaf5bd2b1,,,380,0,,,
89347772011678934734012034,Bột năng,https://cdn-download.kiotviet.vn/kiotvietimages/tngonehime/6f55187a597148279b5432ff7bff5bf2.jpeg,,,380,0,,,
8934734052030,Bột bánh xèo,https://cdn-download.kiotviet.vn/kiotvietimages/tngonehime/5733ea63d2ee4b96ba87f39fea04050f.jpeg,,,380,0,,,
8936013740683,bột bánh cuốn hương xưa,https://cdn-download.kiotviet.vn/kiotvietimages/tngonehime/e1f05853380a41a9886bffed94cf1a02.jpeg,,,250,0,,,
8936013740133,bột bánh bao,https://cdn1-fnb-userdata.kiotviet.vn/2024/12/tngonfnb/images/900b1a276017469b876011b14812eb6a,,,380,0,,,
8934734292030,Bột bánh bột lọc,,,,380,0,,,
SP000137,bột bánh bột lọc,,,,380,0,,,
8936003728752,hạt sen bở,,,,450,0,,,
SP000627,Trân châu Olong nhài,,,,1.6,0,,,
SP000626,Trân châu cốm,,,,1.6,0,,,
8934777201174,bột nếp,,,,400,0,,,
8936013741413,Bột Bánh xèo 500g,,,,480,0,,,
GNT001,gạo nếp thái,,,,380,0,,,
8934734332033,Bột bánh da lợn,,,,380,0,,,
8934734302036,Bột bánh giò,https://cdn-download.kiotviet.vn/kiotvietimages/tngonehime/50e03801eb28479289366c4e28a2fe6f.jpeg,,,380,0,,,
8935024159965,G7 StrongX2,https://raw.githubusercontent.com/tngon462/QR/main/kiemkho-images/8935024159965.jpg,trà  cafe,cafe,500,0,,,2025-11-10 16:27:43
89360242439758886300070125,Cà Phê Phố,https://raw.githubusercontent.com/tngon462/QR/main/kiemkho-images/89360242439758886300070125.jpg,,,2.025,0,,,
8938556388643,xoài dẻo,,,,480,0,,,
893602424451488863000702938886300070293,cafe phố gold,,,,550,0,,,
8934683002827,vinacafe,https://raw.githubusercontent.com/tngon462/QR/main/kiemkho-images/8934683002827.jpg,trà  cafe,cafe,670,0,,,2025-11-10 16:27:05
8934673314909,Ngoi sao phuong nam,,,,750,0,,,
8850367992171,Kem dừa 1000mL,,,,600,0,,,
8935024142059,cafe phin G7,https://raw.githubusercontent.com/tngon462/QR/main/kiemkho-images/8935024142059.jpg,trà  cafe8934563193263,cafe,700,0,,,2025-11-10 16:36:26
8936004886529,huong dua,,,,350,0,,,
8938556388209,cốm khô,,,,500,0,,,
8850649000112,palm seed,,,,500,0,,,
8938517288012,CÀ PHÊ PHA FIN,https://cdn-download.kiotviet.vn/kiotvietimages/tngonehime/b762998e0eb44cd7b9c2743000dfb418.jpeg,,,700,0,,,
89350241433538935024123287,Cà phê G7 3in1,https://cdn-download.kiotviet.vn/kiotvietimages/tngonehime/2ae5c795fa09470184843e74adbdfacb.jpeg,trà  cafe,cafe,650,0,,,2025-11-10 16:07:51
8934673701235,Sữa hạt Óc chó,,,,400,0,,,
8934673701259,Sữa hạt Hạnh nhân,,,,400,0,,,
9311931024036,indo cafe,,,,950,0,,,
8935217400256,TH vị dâu,,,,550,0,,,
8935217400454,TH socola,,,,500,0,,,
4589516862570,dừa sợi khô,,,,380,0,,,
CC400,chè cốm,,,,400,0,,,
ctt500,Chè thập cẩm,,,,500,0,,,
CT500,Chè thái,,,,500,0,,,
SP000479,cùi bưởi,,,,600,0,,,
8935024141595,G7 Capuchino,,,,400,0,,,
4580525723715,Dừa miếng,,,,490,0,,,
8938535864274,bột hoa đậu biếc,,,,180,0,,,
8938535864038,bột lá nếp,,,,180,0,,,
8850370071115,Trà thái (xanh),,,,850,0,,,
SP000418,Bột Vani,,,,230,0,,,
8936024241667,Cà phê phố sữa,https://cdn-images.kiotviet.vn/tngonfnb/5a289e64e66f4d6ab7ba5096f5f570a0,,,500,0,,,
8935311000499,Cafe Ông Bầu,https://cdn-images.kiotviet.vn/tngonfnb/2c6bbd75fad947bb984e688847aa7a5b,,,450,0,,,
8934673701266,Sữa hạt đậu đỏ,,,,400,0,,,
8934734042109,Bột Chiên Tôm,,,,180,0,,,
8934734092104,Bột bắp,,,,180,0,,,
8934734422130,Bột cốt dừa,,,,150,0,,,
8936002720108,Trà móc câu,,,,900,0,,,
SP000520,ca chi vang,,,,900,0,,,
8938506507032,mang chua,,,,300,0,,,
8901016867385,Banh da nem,,,,150,0,,,
893851998019889385000756814582720900076,măng nứa,,,,350,0,,,
8858265000691,pickled guoramy fish,,,,450,0,,,
452846230569489361503808898938530224264,Bánh tráng gỏi cuốn,https://cdn-images.kiotviet.vn/tngonfnb/491c4b7c1bb8429c9d43e92dfee45ed3,,,320,0,,,
8934678040032,BÁNH TRÁNG SAFOCO,https://cdn-download.kiotviet.vn/kiotvietimages/tngonehime/9f6adb40e22c4c18affd57f2b423e543.jpeg,,,300,0,,,
4580545930209,Đỗ xanh tách vỏ,https://cdn-download.kiotviet.vn/kiotvietimages/tngonehime/316f20d31ba54f2d862faaefd18df677.jpeg,,,400,0,,,
4573437460328,Tiết Vịt,,,,350,0,,,
8938506507049,măng ngọt,,,,380,0,,,
4580545930599,Lạc sống 500g,https://cdn-images.kiotviet.vn/tngonfnb/7c12d2bdcbe6417e93f99313e8348008,,,400,0,,,
89385050021498938530224400,đậu (đỗ) xanh không vỏ,,,,400,0,,,
8935010802189,cà pháo,https://cdn-images.kiotviet.vn/tngonfnb/4c2b99cfd0d24ec6baf447d4b3388799,,,350,0,,,
8853095000927,Nước sương sâm,https://cdn1-fnb-userdata.kiotviet.vn/2024/04/tngonfnb/images/e3c5ecff783b4f84975dcd7c35bc2a80,,,390,0,,,
8888797168941,thốt nốt ngâm siro,https://cdn1-fnb-userdata.kiotviet.vn/2024/04/tngonfnb/images/ff102a49eb134e9b95e08a0b346804c0,,,500,0,,,
8935039514162,gv bún huế ajiquick,,,,180,0,,,
8850088001756,Cá mòi chiên trộn tương ớt,https://cdn-images.kiotviet.vn/tngonfnb/bfc7e0348ec14a798feab6cf784c2677,,,180,0,,,
45805459301938938530224417,Đậu đen xanh lòng,,,,400,0,,,
89385011410198850153533090,Cá mòi hộp,https://cdn-images.kiotviet.vn/tngonfnb/f093ee78cae24316bb155f37d35d9d1d,,,200,0,,,
8938507720232,thach du mau,,,,550,0,,,
SP000644,Fami Thùng,,,,2,0,,,
893850500213245805459302164580122743437,Đậu xanh nguyên vỏ,,,,400,0,,,
SP000531,Chả giò ăn liền,,,,80,0,,,
8858265000714,măng thái,,,,390,0,,,
6971860650015,Huyết vịt,https://cdn-images.kiotviet.vn/tngonfnb/bb16f32488384ab78444c2a186c120c6,,,300,0,,,
89346732001588934673312509,sữa ông thọ,,,,290,0,,,
4582720900076,măng củ,,,,350,0,,,
8938500075070,măng nữa tươi,,,,350,0,,,
SP000372,hạt sen,,,,250,0,,,
8936141320054,bánh tráng rế,,,,180,0,,,
8850649205074,Chôm chôm,https://cdn-images.kiotviet.vn/tngonfnb/ce68ac3212b04bb6bae6c5c7a4e2825e,,,550,0,,,
458054593017989385058460268938505644912,BÁNH ĐA MÈ ĐEN,https://cdn-download.kiotviet.vn/kiotvietimages/ehimetngon/a4cd23b38bb44a1aab3c8b6ee609fc61.jpeg,,,420,0,,,
8936135800043,Bột rau câu,,,,150,0,,,
8936181870359,BÁNH TRÁNG TÂN NHIÊN,https://cdn-download.kiotviet.vn/kiotvietimages/tngonehime/111a0f5743f24b6186aeaff0404e414e.jpeg,,,280,0,,,
8938517288807,NẤM HƯƠNG VIỆT NAM,https://cdn-download.kiotviet.vn/kiotvietimages/tngonehime/028708facdf94aff977402e41f5428a8.jpeg,,,240,0,,,
45805459305064580545930513,MỘC NHĨ,https://cdn-download.kiotviet.vn/kiotvietimages/tngonehime/87c70eb0591d40009ca8004d87c7ff7b.jpeg,,,160,0,,,
8938519980204,MĂNG KHÔ NẤU LIỀN,https://cdn-download.kiotviet.vn/kiotvietimages/ehimetngon/82fb796d28b94f57adfdc3b558f3ccc7.jpeg,,,450,0,,,
5013201438546,WIN,,,,1.25,0,,,
88340000865028834000086519,minthargyi,,,,700,0,,,
8936017361914,Đệ Nhị,,,,550,0,,,
883400019297588340001929688834000192982,Best,,,,1.05,0,,,
8834000161063,ready,,,,510,0,,,
88340000668328834000066825,HMWE,,,,350,0,,,
8936017366995,nam ngư phú quốc,,,,800,0,,,
8991003015066,mam tom cay,,,,630,0,,,
8936028040778,gv xá xíu,,,,130,0,,,
4580545930490,nấm hương,,,,250,0,,,
8936106630143,gv sot vang,,,,80,0,,,
8936028044455,Gia vị Giả cầy,,,,130,0,,,
016229004019,Nước cốt dừa tươi,https://cdn-images.kiotviet.vn/tngonfnb/ec9fa44637314442a26929ee9f93ec7e,,,450,0,,,
458272405045689361476538804570071980939,Hành tím khô,https://cdn-images.kiotviet.vn/tngonfnb/7805afb42fe74a8f8e03903e9d6a86c6,,,500,0,,,
8938505465104,MUỐI SẤY NGỌC YẾN,https://cdn-download.kiotviet.vn/kiotvietimages/ehimetngon/ebb3fd8cdfa3400a9e8907696f8a6569.png,,,100,0,,,
8935039514179,Gia vi Phở Bò,https://cdn-download.kiotviet.vn/kiotvietimages/tngonehime/5a4c7fcfe6e64ba283d6093ec5dff359.jpeg,,,180,0,,,
89348040268178934804020402,Tương Maggi to,https://cdn-download.kiotviet.vn/kiotvietimages/tngonehime/b9513de3ea4c40f69ab8031d8f157dbd.jpeg,,,590,0,,,
8936190951186,NƯỚC CỐT DỪA 400ML,https://cdn-download.kiotviet.vn/kiotvietimages/tngonehime/973957e36f63401181094768d8e875b3.jpeg,,,280,0,,,
8934712701455,Mắm nêm,https://cdn-download.kiotviet.vn/kiotvietimages/tngonehime/ca729308b9834cb1a2dc8622aab71f48.jpeg,,,340,0,,,
4710772030070,Chao cay,https://cdn-download.kiotviet.vn/kiotvietimages/tngonehime/7418d81cbf824450a7602fa99a3aaabe.jpeg,,,530,0,,,
8938517288050,TIÊU XAY,https://raw.githubusercontent.com/tngon462/QR/main/kiemkho-images/8938517288050.jpg,,,190,0,,,
8936017360245,MẮM NAM NGƯ 500ML,https://cdn-download.kiotviet.vn/kiotvietimages/tngonehime/9c398248b07841a6b0b963c4ac2ce8d5.jpeg,,,420,0,,,
89360173609938936136161143,CHINSU TO 520g,https://cdn-download.kiotviet.vn/kiotvietimages/tngonehime/c7c8adaafec04422ba19e774185636b0.jpeg,,,420,0,,,
8935063602569,Mắm tôm bắc 220 g,https://cdn-download.kiotviet.vn/kiotvietimages/tngonehime/dc2ca07eb40c4246a828109c29ff657c.jpeg,,,390,0,,,
893853022416589347345021398936079284237,BỘT NGHỆ 50G,https://cdn-download.kiotviet.vn/kiotvietimages/tngonehime/b176d00ab5f746ca9b13c17f81f32e74.jpeg,,,180,0,,,
8936028040426,GV Sườn xào chua ngọt,https://cdn-download.kiotviet.vn/kiotvietimages/tngonehime/e453e21a22e04b5aab28e5f7b1a1d3ff.jpeg,,,130,0,,,
8934637515458,Gia vị kho cá 200g,https://cdn-download.kiotviet.vn/kiotvietimages/tngonehime/49e51431887b47449802eb301d93b85e.jpeg,,,380,0,,,
89347070319568934707031925,Hạt nêm,https://cdn-download.kiotviet.vn/kiotvietimages/tngonehime/0356d52ed50443149becb21ad200045b.jpeg,,,490,0,,,
8935311150019,BỘT CANH VIFON,https://cdn-download.kiotviet.vn/kiotvietimages/tngonehime/7c308c5d800145e68a8a443627d0a1f7.jpeg,,,80,0,,,
8934597030107,Bột canh Hải Châu,https://cdn-download.kiotviet.vn/kiotvietimages/tngonehime/832031a2b9c6498ab67e78cc4b8cfd0b.jpeg,,,80,0,,,
021723339994,Nước mắm Tiparos,https://cdn-download.kiotviet.vn/kiotvietimages/tngonehime/48523c0f47ac4111ba5e278b518fa9e8.jpeg,,,290,0,,,
8936028044318,GV nướng muối ớt,,,,130,0,,,
8934707029137,Hạt nêm,,,,450,0,,,
8858265000738,TAMARIND PATSTE,,,,490,0,,,
8936046120063,Nước chấm hải sản,,,,250,0,,,
89385172888144580545930520,hành phi,,,,280,0,,,
8850487037158,swêt chili sauce,,,,300,0,,,
711844110038C06815,Tương ngọt ABC,,,,680,0,,,
SP000533,Khô bò miếng,,,,980,0,,,
8936028040747,Thịt nướng ngũ vị,,,,130,0,,,
8936028043694,GV xào sả ớt,,,,130,0,,,
8936028042369,GV cari,,,,130,0,,,
8934781032009,dầu hào,,,,490,0,,,
8936012040419,Gia vị canh chua,https://cdn-images.kiotviet.vn/tngonfnb/06afb065f1b349878055d78307fdf9f9,,,130,0,,,
88571276199278857127619903,mắm nêm Thái,https://cdn-images.kiotviet.vn/tngonfnb/ce89942e3e9842eb94a68cb09b2ae759,,,480,0,,,
8936017360221,Tương ớt chisu nhỏ (250g),,,,300,0,,,
8935010801274,mắm tôm bắc tâm đức,,,,390,0,,,
8934777900503,bánh bột lọc,,,,380,0,,,
893501080204289385302241274580545930742,Nuoc mau cot dua,,,,250,0,,,
8934637514291,Sate ớt khô,https://cdn-images.kiotviet.vn/tngonfnb/0f99f1e5c4974994a0960aa83a8c267b,,,270,0,,,
8934712007014,mắm nêm 175g,,,,320,0,,,
8936017367091,Nước tương tam thái tử,https://cdn-images.kiotviet.vn/tngonfnb/85eea8c1d4c941e5ab038cc72515138f,,,650,0,,,
4580545930780,Mắm ruốc huế,,,,380,0,,,
8936010682177,Pho Gà cung đình (hộp),https://cdn-images.kiotviet.vn/tngonfnb/dbf8896fb5f7481f9a0de1b95a5a79ee,,,150,0,,,
8936010682184,pho Bo cung dinh (coc),https://cdn-images.kiotviet.vn/tngonfnb/f9e910376a1046a6b996f19421f809bd,,,150,0,,,
4580545930568,banh da an lien,,,,350,0,,,
4580545930544,tương bần,https://cdn-images.kiotviet.vn/tngonfnb/2bf8f33d0b6744a0a876e31e3a887d00,,,100,0,,,
8938507417057,Chao môn,https://cdn-images.kiotviet.vn/tngonfnb/14b61466a9b146d5910dc330207c3652,,,450,0,,,
089686440584,Gia vị mỳ lạnh indo,https://cdn-images.kiotviet.vn/tngonfnb/cd7193bd7364476e9c1aa87b727b9183,,,190,0,,,
089686440089,Gia vị indo gulai,https://cdn-images.kiotviet.vn/tngonfnb/b2809ab42a9949e7b1ff45e515493ed4,,,190,0,,,
SP000290,GV Phở,,,,450,0,,,
8850030112318,bột xá xíu,https://cdn-images.kiotviet.vn/tngonfnb/d4b0268de1004e0a85d1e3763a0ec92a,,,350,0,,,
8850030116064,tom yum,,,,100,0,,,
8850030116019,tom ka,,,,100,0,,,
8836000216743,bot ot,,,,0,0,,,
SP000652,hanh tam,,,,400,0,,,
8936134361439,Nước tương nam duong,,,,550,0,,,
4589423063657,Đường java palm,,,,380,0,,,
8934637513423,Tương ớt cholimex,https://raw.githubusercontent.com/tngon462/QR/main/kiemkho-images/8934637513423.jpg,,,520,0,,,
8935063602668,mắm ruôc huế,,,,700,0,,,
8935015715255,Mắm hạnh phúc,,,,700,0,,,
8992984910609,SHRIM PASTE CHILI,,,,750,0,,,
8936079288921,xốt ớt chua ngọt,,,,290,0,,,
8936079287849,Xốt đạu phộng,,,,350,0,,,
8936079391041,Mắm Ruốc,,,,360,0,,,
8938513655108,muoi duc hai nho,,,,150,0,,,
8936079284695,gv ướp mắc mật,,,,130,0,,,
8851954103260,tương ớt golden,,,,490,0,,,
8858981500901,Mắm Nêm mike,,,,560,0,,,
8938544496046,Muối đức hải 500g,,,,500,0,,,
8936136168487,Nam ngư lý sơn,,,,530,0,,,
8934752060185,Giam gao,,,,280,0,,,
089686440287,gv indo opor ayam,,,,190,0,,,
089686440430,gv indo rendang,,,,190,0,,,
711844120075,Tương ớt ABC,,,,500,0,,,
8938513656549,chẳm chéo,,,,350,0,,,
8934637513621,sate XO,,,,200,0,,,
SP000221,bot rau cau (Sóc Vàng),,,,150,0,,,
89385057670248936106630082,gia vị tần gà,,,,220,0,,,
8936028044806,XỐT BUN BO HUE,,,,250,0,,,
8935063608103,Mắm cá Sặc,https://cdn-images.kiotviet.vn/tngonfnb/cac1dfc6b2a743439acfdf94b2f4555f,,,750,0,,,
8935063601708,Mắm cá Linh,https://cdn-images.kiotviet.vn/tngonfnb/dc76b3afdb6f41c9974b81cf00ce29f8,,,750,0,,,
8938520394694,mam tep chung thit,,,,130,0,,,
SP000647,Tom ka,,,,100,0,,,
8936079288808,Xốt muối tiêu tắc,,,,280,0,,,
8936079287863,xốt đậu phộng dứa,,,,350,0,,,
8936079288815,Xốt thái (chân gà),,,,370,0,,,
45805257221838936223460777,Hành tím khô,,,,500,0,,,
8936028040907,Mắm vị xưa,,,,1,0,,,
8938542519822,Sốt Tôm kho quẹt,,,,150,0,,,
8938542519921,Gv thịt xào mắm ruốc,,,,150,0,,,
8938542519747,Gv xốt ướp bò kho,,,,150,0,,,
8938542519761,GV sốt thái,,,,160,0,,,
8938542519952,GV vịt nấu chao,,,,150,0,,,
8859156399962,Tương ớt lào,,,,480,0,,,
893480304307589348030432598934803026412,Bimbim oishi,,,,150,0,,,
8934696005150,Pate cột đèn,,,,450,0,,,
SP000407,Măng cụt 0 5kg,,,,900,0,,,
8934734402156,Bột Béo,,,,180,0,,,
8934734102100,Bột chiên Giòn,,,,180,0,,,
8935039514223,Bột chiên giòn,,,,150,0,,,
8936028040419,GV canh chua,,,,130,0,,,
8934781011264,tương ớt OCV 700g,,,,500,0,,,
8936028043205,Gv cá kho riềng,,,,130,0,,,
8936028044295,Gv gà chiên mắm,,,,130,0,,,
4582720900106,Ngũ vị hương,,,,50,0,,,
8936017360252,Mắm Nam Ngư to,https://cdn-images.kiotviet.vn/tngonfnb/d9d4f97159bb4299bc5a21987f947edb,,,600,0,,,
8934563065249,Muối Hảo Hảo,https://cdn-download.kiotviet.vn/kiotvietimages/tngonehime/7dab3f76340f483da27d6f23db8a2879.jpeg,,,190,0,,,
8935039513257,Lẩu Thái,,,,180,0,,,
8936028044516,NƯỚC DÙNG PHỞ BÒ 150G,https://cdn-download.kiotviet.vn/kiotvietimages/tngonehime/eebc1a344d7e4f6491a832269c1080d6.jpeg,,,390,0,,,
893621502004089360792822338936079287221,Dầu Điều,https://cdn-download.kiotviet.vn/kiotvietimages/tngonehime/4ca7f581cf484c30b774a94ad8b7c8ab.jpeg,,,190,0,,,
8938530224042,CƠM MẺ,https://cdn-download.kiotviet.vn/kiotvietimages/tngonehime/9f2ec47580b84b9faa98a25091a1af12.jpeg,,,250,0,,,
89385136555808938513655771,MUỐI TÔM TÂY NINH,,,,250,0,,,
885025001501788502500150178935039500509,Mì chính,https://cdn-download.kiotviet.vn/kiotvietimages/tngonehime/6d688fb3fe644b7f8ff3a83845855a84.jpeg,,,520,0,,,
8936028040440,Xốt Cá/ Thịt kho,https://cdn-download.kiotviet.vn/kiotvietimages/tngonehime/ff7d6cac6d8a4da5beb519591fdc5cc4.jpeg,,,130,0,,,
8936028044356,SỐT THỊT KHO TÀU,https://cdn-download.kiotviet.vn/kiotvietimages/tngonehime/795a744b17504d0e87eddc633287cda0.jpeg,,,130,0,,,
8936028042376,GV Bò Kho,https://cdn-download.kiotviet.vn/kiotvietimages/tngonehime/6c0c00bdc84847e6b6601099f5a740b3.jpeg,,,130,0,,,
8936028040716,GV Thịt nướng sả,https://cdn-download.kiotviet.vn/kiotvietimages/tngonehime/a6964b5fdd8541dbaacca1e76701e518.jpeg,,,130,0,,,
8934746011322,phồng tôm,,,,250,0,,,
4959090830492,mì cung đình bò hầm,,,,110,0,,,
89385085843838938517288685,Miến dong,https://cdn-download.kiotviet.vn/kiotvietimages/tngonehime/5ca7283a62f644a5b80760ee2ff6e2cf.jpeg,,,300,0,,,
4959090830515,MÌ CUNG ĐÌNH VỊ BÒ HẦM,https://cdn-download.kiotviet.vn/kiotvietimages/tngonehime/25912564af3f49d2a715be5132dd06f5.jpeg,,,100,0,,,
8936068850344,Sợi bún huế,https://cdn-download.kiotviet.vn/kiotvietimages/tngonehime/4843db0804df44d5b6f27456dd09363f.jpeg,,,250,0,,,
8936013741055,Bột gạo tẻ,https://cdn-download.kiotviet.vn/kiotvietimages/tngonehime/6d6be105c81743c1ba78b5db2028528b.jpeg,,,400,0,,,
4959090840804,Cung đình tôm chua cay,https://cdn-download.kiotviet.vn/kiotvietimages/tngonehime/95e6fa62d823499aa63b385cda2f9198.jpeg,,,110,0,,,
89988662003018998866803809,Mì sedaap,https://raw.githubusercontent.com/tngon462/QR/main/kiemkho-images/89988662003018998866803809.jpg,Bánh kẹo,banhkeo,130,0,,,2025-11-10 16:04:43
8934563020934,Mì phở gà,https://cdn-images.kiotviet.vn/tngonfnb/34e6e81d69914803924d7d977983d6d5,,,100,0,,,
8938542158786,Bánh tráng trộn,https://cdn-images.kiotviet.vn/tngonfnb/31cfaf08c46b40e08149e9203c7ac1a6,Bánh kẹo,banhkeo,350,0,,,2025-11-10 13:33:14
8935311111164,phở bông lúa vàng,https://cdn1-fnb-userdata.kiotviet.vn/2024/03/tngonfnb/images/3f3f7d00de7e41ffa11e4383666be9d5,,,420,0,,,
89345631381658934563106140,mi hao hao,https://raw.githubusercontent.com/tngon462/QR/main/kiemkho-images/89345631381658934563106140.jpg,bún  mì phở,mi,100,0,,,2025-11-10 14:38:05
8934563301156,Miến Phú hương,https://cdn-images.kiotviet.vn/tngonfnb/8151424e3aa748938b5494a0ec99bbc2,,,100,0,,,
4959090840811,cung đình bò hầm,,,,110,0,,,
8934563193263,Mì siukay hải sản,https://cdn-images.kiotviet.vn/tngonfnb/cd2761f815924365b6c589bf33ee88a7,bún  mì phở,mi,200,0,,,2025-11-10 16:36:48
8934563131258,Mì siukay bò,https://cdn-images.kiotviet.vn/tngonfnb/97abf169ac354c609f6d6eaed1b0f37d,bún  mì phở,mi,200,0,,,2025-11-10 16:37:06
89360484705248936048471248,Mì ba miền,https://cdn-images.kiotviet.vn/tngonfnb/5976822ae19e49939bb036234919413c,bún  mì phở,mi,100,0,,,2025-11-10 16:37:28
89360173686238936221044160,mì kokomi,,,,90,0,,,
89360173606588936017360641,omachi đỏ,,,,130,0,,,
8936017360665,omachi xanh,,,,130,0,,,
8938517288869,Miến dong Dương Kiên,,,,480,0,,,
4932514138145,Bún gạo,,,,250,0,,,
8938517288517,Mĩ chũ,https://cdn-images.kiotviet.vn/ehimetngon/c12137b9b23b4c799c23e0ee54073c03.jpeg,,,350,0,,,
10008475,Bún bò Huế Vifon,https://cdn-download.kiotviet.vn/kiotvietimages/tngonehime/9e490c6949c94ae2be35f12ced91eee4.jpeg,,,110,0,,,
8934678030033,BÚN KHÔ SAFOCO GÓI 400G,https://cdn-download.kiotviet.vn/kiotvietimages/tngonehime/818c547f82494cf7bd3dd451cbfdfd91.jpg,,,220,0,,,
SP000503,riềng đông lạnh 500gr,,,,400,0,,,
SP000438,lòng dồi 500g,,,,850,0,,,
4580525723418,ca tram cat khuc,,,,700,0,,,
SP000541,củ năng,,,,350,0,,,
4580525723470,Nhộng tằm,,,,700,0,,,
8936036029932,Bánh Gạo Nướng chà bông,,,,480,0,,,
8938532587060,Banh tráng siêu mỏng,,,,320,0,,,
8934717262005,Chả Giò,,,,850,0,,,
8934717266003,Chả giò rế,,,,850,0,,,
MT0001,Ngò gai,https://cdn-images.kiotviet.vn/tngonfnb/645ec100ce4a4cbcba6b10c904361402,,,200,0,,,
SP000237,gan heo,,,,600,0,,,
SP000354,Chả cá cuốn sả,https://cdn-images.kiotviet.vn/tngonfnb/af47ba0b719d4d00b529b735a297df2a,,,500,0,,,
SP000353,Chả bề bề tôm mực,https://cdn-images.kiotviet.vn/tngonfnb/11ed8606516f47318c6b6df792cd7a43,,,1.18,0,,,
slt0001,Sốt lẩu thái,https://cdn-images.kiotviet.vn/tngonfnb/69611b9ff13141b195d497d7b65a36db,,,350,0,,,
8936216430060,Bò viên,https://cdn-images.kiotviet.vn/tngonfnb/1310889b82bc4513ad6e83844ec8f08c,,,1,0,,,
89362163031288936144001974,Cá viên,https://cdn-images.kiotviet.vn/tngonfnb/282499f550d447099b7e104054af52dc,,,980,0,,,
89385243735038938524373701,Set lẩu,https://cdn-images.kiotviet.vn/tngonfnb/13aa03e0e0df467a8cde8eb8c0df81c3,,,980,0,,,
SP000265,cha ca Vien,,,,700,0,,,
8936144001998,cua xay,,,,500,0,,,
SP000262,Ba Chỉ không Da,,,,1.4,0,,,
SP000259,Gà đông lạnh,https://cdn-images.kiotviet.vn/tngonfnb/dcf29c6d2a7146f2944deba44e835ab6,,,850,0,,,
8936223460579,ốc móng tay,https://cdn1-fnb-userdata.kiotviet.vn/2025/08/tngonfnb/images/f9a5836ac7f14c038c9951b2ff71a74f,,,750,0,,,
SP000248,Óc heo,https://cdn-images.kiotviet.vn/tngonfnb/f3643d8a7c8c490193d836a3f0fd0aa7,,,800,0,,,
SP000636,banh crep sau rieng,,,,1.3,0,,,
SP000630,thịt má heo,,,,1.1,0,,,
4580525723159,Cá trê,https://cdn-images.kiotviet.vn/tngonfnb/a0efca59f8d54934a81c32926597aee5,,,500,0,,,
8938542960013SP000340,Chân gà rút xương,,,,1.4,0,,,
89385492960168936086710888,Dồi sụn non,https://cdn-images.kiotviet.vn/tngonfnb/44ecf7ed129b41adabea53ea5efc6ed0,,,1.15,0,,,
SP000367,Nem nụi huế,https://cdn-images.kiotviet.vn/tngonfnb/2eb20572ad214625967e08589a75612a,,,1.1,0,,,
893622346010445827240501974580525723081,cá quả (lóc) cắt khúc,,,,700,0,,,
SP000352,Chả cá quy nhơn,https://cdn-images.kiotviet.vn/tngonfnb/227050f359d44198a2b47db134ee3506,,,1.1,0,,,
8936086710781,Xúc xích đưc,https://cdn-images.kiotviet.vn/tngonfnb/805b4c4187d64daaa8a28cfa9ebe1008,,,1.1,0,,,
89361440013564580525723449,Cá chim/kg,https://cdn-images.kiotviet.vn/tngonfnb/aa9313d3e90747e3861e098c33ca9aa1,,,1.1,0,,,
89362234600434580525723104,Cá rô phi,https://cdn-images.kiotviet.vn/tngonfnb/03b6c9133b724c5690b612972aad87b3,,,900,0,,,
45805257230124580525723012,Vải thiều,https://cdn-images.kiotviet.vn/tngonfnb/8e109035397a486abf2f23060d8954f5,,,650,0,,,
458052572303645805257230364582724050319,Mít,https://cdn-images.kiotviet.vn/tngonfnb/8d9121e0c1ac4f01b175bf571bbc5a7b,,,600,0,,,
SP000307,Thịt chó 500gr,https://cdn-images.kiotviet.vn/tngonfnb/59a9b42bbd7443d8ad79582d7bba1e9f,,,3.3,0,,,
8934717371349,bò viên túi,,,,1.2,0,,,
sn002,sườn non 0.5kg,,,,600,0,,,
DL030,Tim heo,https://cdn-download.kiotviet.vn/kiotvietimages/tngonehime/46cbea433e12489e952b7606268f9c19.jpeg,,,750,0,,,
BH001,Bắp lợn(kg),https://cdn-download.kiotviet.vn/kiotvietimages/tngonehime/4478411fd21042fbb429e475e713bd17.jpeg,,,1.15,0,,,
Ln001,Lòng non,https://cdn-download.kiotviet.vn/kiotvietimages/tngonehime/2e0fb5a0b9884ad2ad054d4442d4ba98.jpeg,,,950,0,,,
5645321898773,tràng đông lạnh,https://cdn-download.kiotviet.vn/kiotvietimages/ehimetngon/b7d8818f7fbb4b37b16825b34dafc328.jpeg,,,1.1,0,,,
BAPBO8888888888,Bắp bò đông lạnh(kg),https://cdn-download.kiotviet.vn/kiotvietimages/tngonehime/ff35d26c1e5848e099479d41f505d336.jpeg,,,1.75,0,,,
BCCD01,Thịt ba chỉ,https://cdn-download.kiotviet.vn/kiotvietimages/tngonehime/f5a3d979452c4298b446567fb05105b9.jpeg,,,1.4,0,,,
SP000609,Bắp heo rút xương,,,,1.35,0,,,
SP000599,Giò sống,,,,1,0,,,
SP000584,Cuống họng,,,,1,0,,,
sn001,Sườn non 1kg,,,,1.15,0,,,
tnh0001,thịt heo (nọng),,,,700,0,,,
SP000530,Set Phá Lấu,,,,1.1,0,,,
SP000483,Long bo,,,,1.5,0,,,
SP000477,luoi heo,,,,1.2,0,,,
8858265000721,Me hộp,,,,380,0,,,
LD350,Lòng dồi( dồi tiết),,,,500,0,,,
db1k001,Diềm bò,,,,1.5,0,,,
SP000397,Cá Mắm (Khô) 1 nắng,,,,750,0,,,
SP000393,to ong,,,,1,0,,,
khd001,khấu đuôi heo,,,,1.1,0,,,
SG001,sườn già (kg),,,,1.2,0,,,
DGH001,Diềm gan heo,,,,900,0,,,
SP000384,Diềm heo,,,,900,0,,,
7545656996145,Tai heo,https://cdn-download.kiotviet.vn/kiotvietimages/tngonehime/45efc02648104ffba6ee95b701f35d64.jpeg,,,750,0,,,
5645321712345,Móng heo cắt sẵn,https://cdn-images.kiotviet.vn/ehimetngon/e5ebb74c2cc54d7bba67a14756cecd75.jpeg,,,550,0,,,
đh001,Dạ dày,https://cdn-download.kiotviet.vn/kiotvietimages/tngonehime/463843c9344748b98a0a1516408d9d82.jpeg,,,700,0,,,
8934717421525,Cá Viên Ngon,,,,890,0,,,
SP000509,ca chep,,,,800,0,,,
SP000507,Cá bống cát,,,,750,0,,,
4580525723784,Ca chep cat,,,,700,0,,,
45827240502414580525723647,tép đồng,,,,390,0,,,
8850937000909,cua lột,,,,2.1,0,,,
8854241010609,cá viên túi,,,,370,0,,,
89362234605861,Sò lông đông lạnh,,,,670,0,,,
SP000585,cá lóc ,,,,650,0,,,
SP000583,Ca dieu hồng,,,,750,0,,,
SP000536,Tôm đông lạnh,,,,3.35,0,,,
8936223460098,cá diêu hồng,,,,1,0,,,
8936223460197,Chả cá thát lát,,,,580,0,,,
4582724050098,Chả cá thát lát,,,,380,0,,,
4580525723920,Tôm đất đông lạnh 500g,,,,700,0,,,
89362164303298935101606207,Tôm viên,https://cdn-images.kiotviet.vn/tngonfnb/10f90b19cca94b47a636b8f86fc041d4,,,980,0,,,
8936216430336,hải sản rau củ viên,https://cdn-images.kiotviet.vn/tngonfnb/84dd71cfb7264a7c930d481abb99ffa2,,,850,0,,,
458052572314289361440032514580525723265,Ếch đông lạnh,https://cdn-download.kiotviet.vn/kiotvietimages/tngonehime/e3239b49abf74394bb213054e373d4cd.jpeg,,,950,0,,,
893614400203245827240500814580525723166,Lươn đông lạnh,https://cdn-download.kiotviet.vn/kiotvietimages/tngonehime/e2e1c3585c3441f192c39451f670752a.jpeg,,,1.45,0,,,
893622346003645805257230674582724050111,Cá basa cắt khúc,https://cdn-download.kiotviet.vn/kiotvietimages/tngonehime/f0a2ffcb2d0f4c41a9d26c2a6c23f15c.jpeg,,,500,0,,,
cg300,Chân gà sốt thái cay,,,,500,0,,,
4580525723388,dừa sợi,,,,450,0,,,
4580525723586,hạt đác đông lạnh,,,,600,0,,,
8936149870692,nem chua rán(hộp),https://cdn-images.kiotviet.vn/tngonfnb/508b3b1fee634141a74a5e1e020d0ed8,,,1,0,,,
CCKM001,Chè khoai môn,,,,500,0,,,
CCS001,Chè sầu,,,,500,0,,,
CCD001,Chè dừa dầm,,,,500,0,,,
CCB001,Chè Bơ,,,,500,0,,,
CCTC001,chè thập cẩm,,,,500,0,,,
TM-CLT89123499,Chè lọt,,,,500,0,,,
89361498706981,chả cốm,,,,1,0,,,
8938553450350,NGÓ SEN,,,,600,0,,,
dc001,Dưa chua túi,,,,350,0,,,
SP000334,chè thốt lốt,,,,500,0,,,
8936144002100,Chả rế hải sản,https://cdn-download.kiotviet.vn/kiotvietimages/tngonehime/edc85dd9639e4251b3c4c2bc210e8d34.jpeg,,,700,0,,,
4923456789113,Chè dừa dầm (1tui),https://cdn-download.kiotviet.vn/kiotvietimages/tngonehime/65dd133d95c4404ea0566cc7e90896bb.jpeg,,,500,0,,,
4923456789014,chè sầu(1Tui),https://cdn-download.kiotviet.vn/kiotvietimages/tngonehime/f266f516542444198c28c2c794de84bd.jpeg,,,500,0,,,
tc001,Thit cuu,,,,2,0,,,
45700719888504582626051292,BÁNH RAM HÀ TĨNH,https://cdn-download.kiotviet.vn/kiotvietimages/tngonehime/898c223a3c3a4ded97acf83d357dcd34.jpeg,,,350,0,,,
8936223460586,Sò lông đông lạnh,,,,1,0,,,
PPGLSP0000608936223460203,Ớt đông lạnh,,,,340,0,,,
4582559571652,Thịt dê cắt sẵn,,,,1.8,0,,,
4580525723395,Khoai Môn,,,,500,0,,,
8938529985954,hồ lô,,,,1.1,0,,,
DV001,đùi vịt,,,,1.2,0,,,
8858265001025,tôm càng xanh,,,,1.35,0,,,
5645321898919,Chân gà,https://cdn-images.kiotviet.vn/tngonfnb/6c116d4ef7394a96ba047ac6e2499ae5,,,700,0,,,
4582559571331,Gà cắt sẵn,,,,780,0,,,
SP000619,Ga trống,,,,1.3,0,,,
SP000645,đùi ga,,,,850,0,,,
SP000378,ga non,,,,2,0,,,
8858984804709,Vịt đông lạnh,https://cdn-download.kiotviet.vn/kiotvietimages/tngonehime/62a8f044c7e34029b5cb8c054a21363a.jpeg,,,1.55,0,,,
4582724050418,dừa sợi,,,,450,0,,,
458272405037145805257233198938539915170,Ớt đông lạnh,https://cdn-download.kiotviet.vn/kiotvietimages/tngonehime/190e9af5501644b2bf42362be6210e70.jpeg,,,340,0,,,
8938539915200,ME NẤU CANH CHUA 300G,https://cdn-images.kiotviet.vn/ehimetngon/6c7a6909c86f472b8dcb60af55dcf86b.png,,,380,0,,,
45827240505174580525723302,Riềng đông lạnh,https://cdn-images.kiotviet.vn/tngonfnb/53440ba24ac54b11b91828897c65b102,,,250,0,,,
45805257233578936223460227,Lá chanh,https://cdn-images.kiotviet.vn/tngonfnb/447c5040c8a7434d89a229e6e14778ae,,,250,0,,,
BH002,Bắp heo cắt khanh,,,,1.1,0,,,
CR002,Riềng xay,,,,200,0,,,
4580525723326,quả sấu,,,,450,0,,,
45805257235794582724050609,Ớt xanh,https://cdn-images.kiotviet.vn/tngonfnb/ab6672bde509429a9fa69a33bb9413bd,,,340,0,,,
4580525723333,Lá mắc mật,https://cdn-download.kiotviet.vn/kiotvietimages/tngonehime/457d28b0dd4d4d0089ab5abebb000f53.jpeg,,,200,0,,,
4582724050661,Nghệ tươi,https://cdn-download.kiotviet.vn/kiotvietimages/tngonehime/e1508b08b3294aa59cfecfced5a44e29.jpeg,,,250,0,,,
8936184170005,Sả tươi,https://cdn-download.kiotviet.vn/kiotvietimages/tngonehime/f8f8dcf5cb0e42048737b51ddd570f19.jpeg,,,350,0,,,
SP000600,Nho Đen,,,,650,0,,,
PPGLSP000846,Sầu đông lạnh,,,,1.4,0,,,
PPGLSP000120,Mit donglanh,,,,600,0,,,
4582724050333,sầu đông lạnh,,,,1.4,0,,,
4580525723494,Mít đông lạnh 250g,,,,250,0,,,
4580525723821,Sau Rieng Nho,,,,700,0,,,
SP000345,Đu Đủ xanh,,,,450,0,,,
SP000223,Vải thiều đông lạnh,,,,800,0,,,
4580525722169,sau rieng 300g,,,,950,0,,,
45805257230298938539915286,Nhãn,https://cdn-images.kiotviet.vn/tngonfnb/f910d25066d24201aa0c4856ad49ea80,,,500,0,,,
893853991503389362234603404580525723609,Sầu riêng đông lạnh,https://cdn-download.kiotviet.vn/kiotvietimages/tngonehime/9fefaf5050e8435ba157fb192c541871.jpeg,,,1.4,0,,,
899100210376489910021035358991002133822,coffee good day,,,,1.05,0,,,
713543652185,pickled tea leaf spicy,,,,1.4,0,,,
1765756175547,pickled tea leaf sweet,,,,1.4,0,,,
8834000086472,dried lolita,,,,980,0,,,
8834000138355,cá cơm kho,,,,780,0,,,
SP000525,khin htway yi,,,,1.25,0,,,
8834000066863,hmwe,,,,350,0,,,
8888166360136,Coconut rolls,,,,250,0,,,
8992735248173,BAMBOE GORENG ATI,,,,190,0,,,
8992735210033,BAMBOE OPOR,,,,190,0,,,
8992735210149,BAMBOE SEMUR,,,,190,0,,,
89927352509098995102703091,KUAH BAKSO,,,,190,0,,,
8992735248647,BAMBOE SOTO BETAWI,,,,190,0,,,
8992735210040,BAMBOE RWON,,,,190,0,,,
8992735210101,BAMBOE AYAM...,,,,190,0,,,
8992735210088,BAMBOE GORENG,,,,190,0,,,
8992735210071,BAMBOE SOTO DAGING,,,,190,0,,,
8992735249743,BAMBOE NISHIGORENG PEDAS,,,,190,0,,,
8992735210095,BAMBOE NISI GORENG,,,,190,0,,,
8992735210026,BAMBOE KARE,,,,190,0,,,
8858265000820,Mì gạo thái,,,,270,0,,,
8850100222138,Bún wai wai,,,,280,0,,,
8850294001014,Cafe đen THÁI,https://raw.githubusercontent.com/tngon462/QR/main/kiemkho-images/8850294001014.jpg,nước ngọt,cafe; nuocngot,430,0,,,2025-11-10 13:58:06
089686170344089686011036,indo soto mie,,,,120,0,,,
089686910704089686170047089686010947,indo mie chicken,,,,120,0,,,
8998898823905,Tolak Angcin,,,,125,0,,,
8992735249767,bamboe rica-rica,,,,190,0,,,
8992735248692,bamboe balado,,,,190,0,,,
8992735210118,bamboe bali,,,,190,0,,,
711844340008,terasiudang,,,,520,0,,,
4589423063732,CANDLENUT kemiri,,,,390,0,,,
8938556388247,Ngô Tẩm gia vị,,,,350,0,,,
8992735249941,bamboe ayam kecap,,,,190,0,,,
8992735250541,bamboe tongseng,,,,190,0,,,
8992735210019,bamboe GULE,,,,190,0,,,
8938539983247,Hòa an,,,,500,0,,,
8850367100071,chao koh,,,,300,0,,,
8850487001128,thai chili paste,,,,450,0,,,
50600753564525060075355240,pho htaung,,,,1.1,0,,,
8836000062760,pickled tea spicy,,,,1.1,0,,,
8858265000684,Mắm tôm thái,https://cdn-images.kiotviet.vn/tngonfnb/9f72606843d44de79ee5abc5f16d0876,,,650,0,,,
8834000192111,BEST FRIED,,,,1.05,0,,,
8834000075834,BEST CATFISH SOUR,,,,1.05,0,,,
8834000192685,BEST BOILED,,,,1.05,0,,,
089686043433,HYPE ABIS,,,,130,0,,,
8992388111138,SELERA PEDAS,https://raw.githubusercontent.com/tngon462/QR/main/kiemkho-images/8992388111138.jpg,Bánh kẹo,banhkeo,130,0,,,2025-11-10 16:05:28
8992903113203,SAMBEL ASLI CHILI,,,,550,0,,,
089686400038,PEDAS DAHSYAT,,,,950,0,,,
5060075357794,fried beans shal,,,,980,0,,,
8836000062777,htoo htoo shal,,,,1.05,0,,,
8836000062722,theadaw pae gyi puu,,,,980,0,,,
5060075357787,fried lablab beans,,,,980,0,,,
8997011930612,LADAKU,,,,70,0,,,
8991818801113,ULEG UDANG,,,,100,0,,,
8991818801533,ULEG RENDANG,,,,100,0,,,
8991818800550,ULEG PEDAS,,,,100,0,,,
8991818801076,ULEG TERI,,,,100,0,,,
P0000031,ULEG RAWIT,,,,100,0,,,
P0000030,ULEG GEPREK,,,,100,0,,,
8991818080112,ULEG TERASI,,,,100,0,,,
8991818800857,ULEG BAWANG,,,,100,0,,,
P0000027,ULEG KEMIRI,,,,100,0,,,
8992770094216,SAORI SAU TERIYAKI,,,,150,0,,,
8992770094513,SAORI SAUS LADA HITAM,,,,150,0,,,
8992770094117,SAORI SAUS TIRAM,,,,150,0,,,
8992770094315,SAORI SAUS ASAM MANIS,,,,150,0,,,
8992770094414,SAORI SAUS RASA MENTEGA,,,,150,0,,,
8997007521619,TEPUNG DAWANG PUTIH,,,,70,0,,,
8997007521671,BUBUK DAUN SALAM,,,,70,0,,,
P0000019,ABC TERASI UDANG,,,,450,0,,,
89951027034420,MAMASUKA TERASI UDANG,,,,450,0,,,
P0000017,SEBLAK BAPPER,,,,1,0,,,
089686400816,INDOFOOD SAMBAL EKSTRA PEDAS,,,,650,0,,,
8995102707259,MAMASUKA HOT LAVA VOLCANO,,,,900,0,,,
0089686386219,RACIK TUMIS,,,,250,0,,,
8997026220128,SOBASO KUAH BAKSO,,,,390,0,,,
P0000012,MAMASUKA KUAH BASO,,,,600,0,,,
P0000011,MASAKO RASA SAPI,,,,60,0,,,
P0000010,MASAKO RASA AYAM,,,,600,0,,,
8836000304907,SPECIAL MALAR MO CBAI PASTE,,,,600,0,,,
P0000008,FRIED FISH SAUE W/TAMARING,,,,850,0,,,
P0000007,FRIED MYEK SHRIMP PASTE,,,,850,0,,,
8836000046371,COOKED FISH PASTE READY TO SERVE,,,,360,0,,,
P0000005,NATURAL FISH PASTE,,,,480,0,,,
8836000304914,MARLAR CURRY PASTE,,,,650,0,,,
8834000086663,SPICY FRIED DRIED SMALL FISH,,,,900,0,,,
08012403,SOYA CHUNKS(MAESURA),,,,650,0,,,
P0000001,CANDLENUT(KEMIRI),,,,360,0,,,
543986356811100001310005,Canlenut (kemiri),,,,380,0,,,
8834000075827,BEST fish paste,,,,490,0,,,
SP000633,Best nhỏ,,,,450,0,,,
7894904058822,Seara Chicken,,,,1,0,,,
7893000534223,Sadia chiken,,,,800,0,,,
8834000098000,shan shwe taung jin mwe,,,,90,0,,,
089686043686,INDIMIE IGAPENYET,,,,120,0,,,
8992735210125,bamboe sop,,,,190,0,,,
8850545777125,Tiparos TO,,,,560,0,,,
8850122354152,Bột nếp thái,,,,460,0,,,
8858265000677,mắm tôm thái nhỏ,,,,350,0,,,
8992735210057,BAMBOE RENDANG,,,,190,0,,,
8992735210064,BAMBOE SOTO AYAM,,,,190,0,,,
005635403721,sambal pecel,,,,550,0,,,
089686386417,racik bumbu,,,,140,0,,,
7893000453227,Xúc xich gà,,,,650,0,,,
089686400854,EKSTRA PEDAS,,,,950,0,,,
82592900045,CEKER EMPLOK,,,,1.1,0,,,
8994456250077,CAKALANG,,,,900,0,,,
8994456250046,CUMI CABE IJO,,,,1.1,0,,,
8080124035,SOYA CHUNKS (MASEURA),,,,650,0,,,
8834000098420,sour and spicy,,,,1.1,0,,,
8991818801519,sambal geprek,,,,100,0,,,
8997225860002,uleg sambal rawit,,,,100,0,,,
8834000138010,fried myeik shimp...,,,,950,0,,,
89927700331478992770033130,masako,,,,60,0,,,
5060075357589,shwe htoo double...,,,,1.05,0,,,
542602001,Pete,,,,650,0,,,
8691420231123,Plain Paratha,,,,350,0,,,
542602000,Daun salam,,,,280,0,,,
906489307,MM boiled bean,,,,760,0,,,
542602003,kencur,,,,550,0,,,
5125261252816,vegetable samosa snack,,,,550,0,,,
5125261252625,spring roll,,,,550,0,,,
8941193401514,vegetable samosa,,,,500,0,,,
883400006603,tempura flour,,,,380,0,,,
SP000650,rau chua,,,,120,0,,,
SP000648,Seblak bapper,,,,950,0,,,
SP000642,Saus lada hitam,,,,140,0,,,
SP000641,cooker fíh,,,,350,0,,,
SP000640,Smaill Fish,,,,980,0,,,
SP000639,marlar curry paste,,,,650,0,,,
8834000075605,BEST tamarind,,,,450,0,,,
8834000066030,Golden butterfly,,,,350,0,,,
8850363300055,pad thai paste,,,,350,0,,,
8834000138560,dried ribon fish,,,,980,0,,,
8836000197011,shrimp páte,,,,680,0,,,
8850363000177,selected quality,,,,480,0,,,
711844115033,Tương mặn ABC,,,,780,0,,,
8834000192258,Best,,,,1.05,0,,,
8995102703442,terasi udang,,,,500,0,,,
8836000062753,Pickled tea kyat,,,,1.1,0,,,
8836000062791,Pickled tea sweet,,,,1.1,0,,,
8834000066160,HMWE TOHU,,,,350,0,,,
7894904280940,Chicken Franks,,,,450,0,,,
89360105321378936010532151,cozy,,,,290,0,,,
8935049019312,nutri boost,,,,150,0,,,
89360105321518936010532137,cozy,,,,180,0,,,
8934614030066,fami (lốc6),,,,400,0,,,
8934614030844,fami sữa dừa,,,,400,0,,,
8934614015025,fami,,,,400,0,,,
SP000445,Nước mía Chai,,,,750,0,,,
8934673701105,sữa canxi,,,,100,0,,,
016229901141016229902643016229909048,Nước dừa,,,,180,0,,,
8935001214236,Trà bí đao,https://cdn-download.kiotviet.vn/kiotvietimages/tngonehime/c8ebc288f4354a07a8b9ba75836b67c6.jpeg,,,200,0,,,
8935001233039016229901158,Nước me,,,,180,0,,,
8850228000151,bò húc,https://cdn-download.kiotviet.vn/kiotvietimages/tngonehime/03f4146f5a4541cfbddd0ab790fa1708.png,,,300,0,,,
4901411021928,Bia heiniken,,,,550,0,,,
8935049019329,nutifood,,,,180,0,,,
SP000209,BIA HÀ NỘI,,,,500,0,,,
8934683008867,WAKE.UP 247,https://cdn-images.kiotviet.vn/tngonfnb/c24eeaff3b0c42eaabbcb3a37353967d,,,300,0,,,
8934804025766,sữa milo 180ml (lốc 4 hộp),,,,500,0,,,
8936011460064,Red star,https://cdn-images.kiotviet.vn/tngonfnb/577a7e5dc65e4c37b954477058c78c8f,,,220,0,,,
8938507849117,Nước dùa 330ml,https://cdn-images.kiotviet.vn/tngonfnb/6b7ad0ea422846a6b3505ca7fabda8fb,,,150,0,,,
8938517288104,rượu nếp cẩm,https://cdn-images.kiotviet.vn/tngonfnb/87d70a948b36437bba274c10d5abac26,,,2.45,0,,,
8996001600146,TEH PUCUK HARUM,,,,180,0,,,
8996006858016,TEH BOTOL SOSRO,,,,180,0,,,
SP000624,rượu dừa,,,,2.45,0,,,
8935217400157,TH Nguyên chất,,,,650,0,,,
SP000478,tra vai,,,,180,0,,,
88510281400478851028000631,sữa đậu nành,https://raw.githubusercontent.com/tngon462/QR/main/kiemkho-images/88510281400478851028000631.jpg,nước ngọt,mianma; nuocngot; indo,180,0,,,2025-11-10 14:00:56
8934673701006,sữa hạnh nhân,,,,100,0,,,
8934673700993,sữa óc chó,,,,400,0,,,
8934673700986,sữa đậu đỏ,,,,100,0,,,
893850858438,Miến dong 200g,https://cdn-images.kiotviet.vn/tngonfnb/8aae4ac947c6494fbdfd8f7d1b4e9222,,,280,0,,,
8938520583050,Rượu nếp cái hoa vàng,https://raw.githubusercontent.com/tngon462/QR/main/kiemkho-images/8938520583050.jpg,bia rượu,biaruoi,2000,0,,,2025-11-10 13:56:13
SP000249,rượu chuối hột,,,,2.45,0,,,
8936193070013,trà xanh k độ,https://cdn-images.kiotviet.vn/tngonfnb/504950d8ccd248f68b8627968cac9dca,,,280,0,,,
8935012413338,Bia 333,https://cdn-images.kiotviet.vn/tngonfnb/c5e3b3b34e0c4f569b4067c04398dc53,,,500,0,,,
8938520583067,rượu táo mèo,https://cdn-images.kiotviet.vn/tngonfnb/e9222e507e3a44d8b89c4935e075588e,,,2.45,0,,,
8938507849094,Nước dừa Xiêm xanh,https://cdn-images.kiotviet.vn/tngonfnb/5e5a512182754ecf8409dcd642164c18,nước ngọt,nuocngot,360,0,,,2025-11-10 13:46:28
8938507849131,Nước Dừa Xiêm (1L),https://cdn-images.kiotviet.vn/tngonfnb/754dff0f04904a29ac0d6d7673b4b34d,,,360,0,,,
8935001230014,Nước chanh dây,,,,180,0,,,
8935012423559,bia sai gòn đỏ,,,,550,0,,,
8935012423306,sài gòn xanh,,,,590,0,,,
8938502498358,Sấu nguyên chất,,,,280,0,,,
016229901226,nước vải,,,,180,0,,,
016229909048,nước măng cụt,,,,180,0,,,
8936011460118,fighting,,,,220,0,,,
4573224090196,nước tăng lực thái,,,,180,0,,,
89350518005198935001212522,nuoc yến,,,,180,0,,,
8934751030066,Nước mía tắc,https://cdn-images.kiotviet.vn/tngonfnb/bd9016bfe1984fe88ac44a52d517ad64,,,180,0,,,
8934673700856,Nước lựu táo(1L),,,,490,0,,,
SP000349,bia hura,,,,500,0,,,
8934588233074,Sting dâu330 ml,https://cdn-download.kiotviet.vn/kiotvietimages/tngonehime/c81a5925c9a945eb86ec5f73bc0e8262.jpg,,,300,0,,,
SP000527,su su,,,,250,0,,,
SP000526,chan ga sa tac,,,,500,0,,,
SP000524,Rau Ngổ,,,,200,0,,,
SP000508,ot tuoi,,,,300,0,,,
SP000498,hoa qua,,,,600,0,,,
SP000493,rau ngot,,,,880,0,,,
SP000491,lê ổi,https://cdn1-fnb-userdata.kiotviet.vn/2024/08/tngonfnb/images/34f6ffc413534ad4adb2accb7f26dc60,,,700,0,,,
cb400,chè bưởi,https://cdn1-fnb-userdata.kiotviet.vn/2024/08/tngonfnb/images/8ba0686844884e1abdf8c0e8cd7c547d,,,400,0,,,
SP000470,Qua roi,,,,400,0,,,
SP000436,Mận 1Kg,,,,1.35,0,,,
SP000435,Mận 500g,,,,700,0,,,
SP000434,mận 1kg,,,,1.45,0,,,
SP000433,mận 500g,,,,750,0,,,
SP000432,mướp,,,,850,0,,,
SP000431,Chanh xanh,,,,550,0,,,
8938505088013,Sứa ăn liền,https://cdn-download.kiotviet.vn/kiotvietimages/tngonehime/bf14aaaaf820491091260e138eee5538.jpeg,,,450,0,,,
8936149870612,GIÒ LỤA,https://cdn-images.kiotviet.vn/ehimetngon/dd9000767caa4e8395f74fb95d983df6.png,,,1,0,,,
MV018,Vịt quay chặt sẵn (Khay),,,,1.3,0,,,
MV015,Xoài chua,https://cdn-download.kiotviet.vn/kiotvietimages/tngonehime/77b74424ac8d47ac88c085b80a7b9b58.jpeg,,,1,0,,,
MV005,Gà ủ muối nửa con,,,,700,0,,,
gum001,Gà ủ muối 1 con,https://cdn-images.kiotviet.vn/tngonfnb/4b09199381224fff9c5f512b97ed20a7,,,1.3,0,,,
MV001,Vịt quay 1 con,https://cdn-download.kiotviet.vn/kiotvietimages/tngonehime/1ed6f1938e63456a8eeec0f90dd9bbf2.jpeg,,,2.5,0,,,
4996530000060,Trứng gà lộn,,,,900,0,,,
SP000614,táo newzelan,https://cdn1-fnb-userdata.kiotviet.vn/2025/06/tngonfnb/images/83620acaa35b44b3a1c5ecab74facdb1,,,150,0,,,
89300000008734582724050791,Dua chua nguyen cay,,,,480,0,,,
SP000588,Cu dau,,,,500,0,,,
SP000570,Củ sắn,,,,0,0,,,
SP000569,Quả Dừa trắng,,,,200,0,,,
SP000568,Banh Crip Sầu,,,,1.3,0,,,
SP000564,rau ngo,,,,100,0,,,
SP000563,Su hào,,,,750,0,,,
SP000546,CHÈ TÚI,,,,450,0,,,
SP000545,Lá dong,,,,850,0,,,
RM0001,rau mùi,https://cdn-images.kiotviet.vn/tngonfnb/9a1d4045d99847bebbe5c9c8f141180b,,,200,0,,,
SP000117,Xoài đĩa,https://cdn-images.kiotviet.vn/tngonfnb/73722291e6274780b831d2a6bc8286ea,,,800,0,,,
8938526958036,Nem chua(10),https://cdn-images.kiotviet.vn/tngonfnb/67d8e7e323df4b98aa70eb8dc9517d65,,,1,0,,,
SP000360,chuoi xanh,,,,800,0,,,
SP000344,mía tươi,,,,600,0,,,
HQ001,Húng quế,https://cdn-images.kiotviet.vn/tngonfnb/df94080458b64a0388f7196409bf75e2,,,150,0,,,
RR001,Rau răm,https://cdn-images.kiotviet.vn/tngonfnb/f8e2033fab1244fbb016cc5db894b93b,,,100,0,,,
srt001,Sầu riêng tươi,,,,2.1,0,,,
8936149870681,Chả quế,,,,1,0,,,
SP000261,Rau cải muối dưa(kg),,,,400,0,,,
SP000623,Nhãn Tươi 500g,,,,700,0,,,
SP000621,mận,,,,500,0,,,
SP000620,bầu,,,,300,0,,,
SP000618,GỪNG,,,,280,0,,,
SP000617,Hoa chuối,,,,800,0,,,
SP000616,mong toi,,,,200,0,,,
SP000615,qua bo,,,,290,0,,,
SP000532,bánh chưng dài ( tét),https://cdn1-fnb-userdata.kiotviet.vn/2024/11/tngonfnb/images/166389122d084989956e554e7142e135,,,900,0,,,
SP000529,Bánh Chưng Nhỏ,https://cdn1-fnb-userdata.kiotviet.vn/2024/11/tngonfnb/images/30b7f1e1b47f4c7d85d75183a481f4c6,,,500,0,,,
SP000517,quat (tac),,,,200,0,,,
SP000516,la e,,,,100,0,,,
4580525723340,la giang,,,,220,0,,,
SP000512,hồng giòn,https://cdn1-fnb-userdata.kiotviet.vn/2024/09/tngonfnb/images/fbf6f9542216430a916fa9bc84f91fb2,,,690,0,,,
SP000481,qua oi,,,,1.2,0,,,
SP000450,rau bi,,,,250,0,,,
SP000449,đỗ đũa,,,,250,0,,,
SP000448,cà pháo,,,,380,0,,,
SP000447,cà pháo 500gr,https://cdn1-fnb-userdata.kiotviet.vn/2024/06/tngonfnb/images/81f0fe152b5344b699e9d010c531690a,,,650,0,,,
SP000440,rau thì là,,,,190,0,,,
SP000439,lá dứa,,,,300,0,,,
rt01,rau thơm mix,,,,390,0,,,
SP000423,rau muống,,,,280,0,,,
skr001,cherry,,,,650,0,,,
0016229000608,hạt đác Seeds,,,,600,0,,,
016229000554,Long Nhãn Hộp,,,,550,0,,,
SP000637,Đào,,,,850,0,,,
SP000635,Thanh long Ruột Trắng,,,,400,0,,,
SP000628,Vải tươi,,,,950,0,,,
SP000607,mướp đắng,,,,300,0,,,
SP000582,Thanh Long,,,,550,0,,,
SP000412,xoài bao tử,,,,900,0,,,
SP000401,1KG măng cụt,,,,1.75,0,,,
8936216430589,xúc xích,,,,1,0,,,
ll001,Lá Lốt,https://cdn-images.kiotviet.vn/tngonfnb/ec771cd8d58a49a2b04a75082e85fbf7,,,200,0,,,
SP000335,Gà ủ xì dầu 1con,https://cdn-images.kiotviet.vn/tngonfnb/0dd264dc7e014b4e901e176d063fcd3d,,,1.3,0,,,
8935063603931,Xoài chua ngot,https://cdn-images.kiotviet.vn/tngonfnb/3f7b6acff47142b7a86d1976cea551f1,,,1.2,0,,,
SP000309,Cóc chua ngọt,https://cdn-images.kiotviet.vn/tngonfnb/0ce3ebe3aa3a4e28b168d95784fe1422,,,1.22,0,,,
SP000308,Me ngâm chua ngọt 500gr,https://cdn-images.kiotviet.vn/tngonfnb/13db0b1c30e64f15a72682b516a51a78,,,1.25,0,,,
8936149870629,Giò bò,,,,1.1,0,,,
DK072,Dừa quả 生のココナッツ,https://cdn-download.kiotviet.vn/kiotvietimages/tngonehime/885a93aaf78744ea974b9cd330a0d821.jpeg,,,380,0,,,
8934609602322,Hura deli,https://raw.githubusercontent.com/tngon462/QR/main/kiemkho-images/8934609602322.jpg,Bánh kẹo,banhkeo,800,1,,,2025-11-10 13:35:39
8938556388476,Hat Bí rang củi,https://raw.githubusercontent.com/tngon462/QR/main/kiemkho-images/8938556388476.jpg,Bánh kẹo,banhkeo,350,1,,,2025-11-10 13:51:49
8934591007150,Rượu thanh mau,https://raw.githubusercontent.com/tngon462/QR/main/kiemkho-images/8934591007150.jpg,Bánh kẹo,banhkeo,2000,1,,,2025-11-10 13:56:53
8934591001240,Ruou Nếp mới,https://raw.githubusercontent.com/tngon462/QR/main/kiemkho-images/8934591001240.jpg,bia rượu,biaruoi,2000,1,,,2025-11-10 14:02:07
8850157403580,Bento xanh,https://raw.githubusercontent.com/tngon462/QR/main/kiemkho-images/8850157403580.jpg,Bánh kẹo,banhkeo,50,1,,,2025-11-10 14:05:05
8850157405300,Bento cay,https://raw.githubusercontent.com/tngon462/QR/main/kiemkho-images/8850157405300.jpg,Bánh kẹo,banhkeo,506924187844827,1,,,2025-11-10 14:06:46
8886300070125,Cà Phê Phố sữa,https://raw.githubusercontent.com/tngon462/QR/main/kiemkho-images/89360242439758886300070125.jpg,trà  cafe,cafe,500,0,,,2025-11-10 16:09:44
8936024243975,Cà Phê Phố đen,https://raw.githubusercontent.com/tngon462/QR/main/kiemkho-images/8936024243975.jpg,trà  cafe,cafe,500,0,,,2025-11-10 16:13:12
8886300070293,cafe phố gold,https://raw.githubusercontent.com/tngon462/QR/main/kiemkho-images/8886300070293.jpg,trà  cafe,cafe,550,8935024142059,,,2025-11-10 16:34:40